Segment,Description,Priority,RootCause,Action,ExpectedImpact,RevenueAtRisk
Critical,High Value + High Churn Risk,🔴 IMMEDIATE — Act within 48 hours,"91% on month-to-month contracts, paying ₹92/month",1. Offer 20% discount to switch to 1-year contract,"Reducing churn by 10% saves ₹2,37,501","₹23,75,011"
Critical,High Value + High Churn Risk,🔴 IMMEDIATE — Act within 48 hours,"91% on month-to-month contracts, paying ₹92/month",2. Personal outreach call within 48 hours,"Reducing churn by 10% saves ₹2,37,501","₹23,75,011"
Critical,High Value + High Churn Risk,🔴 IMMEDIATE — Act within 48 hours,"91% on month-to-month contracts, paying ₹92/month",3. Provide free premium add-on for 3 months,"Reducing churn by 10% saves ₹2,37,501","₹23,75,011"
Critical,High Value + High Churn Risk,🔴 IMMEDIATE — Act within 48 hours,"91% on month-to-month contracts, paying ₹92/month",4. Assign dedicated account manager,"Reducing churn by 10% saves ₹2,37,501","₹23,75,011"
Critical,High Value + High Churn Risk,🔴 IMMEDIATE — Act within 48 hours,"91% on month-to-month contracts, paying ₹92/month",5. Send satisfaction survey immediately,"Reducing churn by 10% saves ₹2,37,501","₹23,75,011"
At Risk,Low Value + High Churn Risk,🟡 HIGH — Act within 1 week,New customers (0-12 months) with low engagement,"1. Automated welcome email series (Day 1, 7, 30)",Better onboarding can reduce early churn by 15%,"₹6,00,924"
At Risk,Low Value + High Churn Risk,🟡 HIGH — Act within 1 week,New customers (0-12 months) with low engagement,2. Offer onboarding support call,Better onboarding can reduce early churn by 15%,"₹6,00,924"
At Risk,Low Value + High Churn Risk,🟡 HIGH — Act within 1 week,New customers (0-12 months) with low engagement,3. Provide loyalty points for staying 6 months,Better onboarding can reduce early churn by 15%,"₹6,00,924"
At Risk,Low Value + High Churn Risk,🟡 HIGH — Act within 1 week,New customers (0-12 months) with low engagement,4. Send educational content about product value,Better onboarding can reduce early churn by 15%,"₹6,00,924"
At Risk,Low Value + High Churn Risk,🟡 HIGH — Act within 1 week,New customers (0-12 months) with low engagement,5. Offer small discount at 3 month mark,Better onboarding can reduce early churn by 15%,"₹6,00,924"
Loyal,High Value + Low Churn Risk,🟢 MAINTAIN — Monthly check-ins,Satisfied long-term customers — protect this segment,1. Enroll in VIP loyalty rewards program,Keeping loyalty stable protects ₹19.6L revenue,"₹19,60,046"
Loyal,High Value + Low Churn Risk,🟢 MAINTAIN — Monthly check-ins,Satisfied long-term customers — protect this segment,2. Offer early access to new features,Keeping loyalty stable protects ₹19.6L revenue,"₹19,60,046"
Loyal,High Value + Low Churn Risk,🟢 MAINTAIN — Monthly check-ins,Satisfied long-term customers — protect this segment,3. Send quarterly appreciation gifts,Keeping loyalty stable protects ₹19.6L revenue,"₹19,60,046"
Loyal,High Value + Low Churn Risk,🟢 MAINTAIN — Monthly check-ins,Satisfied long-term customers — protect this segment,4. Provide dedicated premium support line,Keeping loyalty stable protects ₹19.6L revenue,"₹19,60,046"
Loyal,High Value + Low Churn Risk,🟢 MAINTAIN — Monthly check-ins,Satisfied long-term customers — protect this segment,5. Offer referral bonuses to grow this segment,Keeping loyalty stable protects ₹19.6L revenue,"₹19,60,046"
Safe,Low Value + Low Churn Risk,🔵 GROWTH — Quarterly campaigns,Stable but low-spending customers,1. Upsell to higher tier plans,Converting 10% to higher plans adds ₹50K revenue,"₹1,50,668"
Safe,Low Value + Low Churn Risk,🔵 GROWTH — Quarterly campaigns,Stable but low-spending customers,2. Cross-sell additional services,Converting 10% to higher plans adds ₹50K revenue,"₹1,50,668"
Safe,Low Value + Low Churn Risk,🔵 GROWTH — Quarterly campaigns,Stable but low-spending customers,3. Offer bundle discounts,Converting 10% to higher plans adds ₹50K revenue,"₹1,50,668"
Safe,Low Value + Low Churn Risk,🔵 GROWTH — Quarterly campaigns,Stable but low-spending customers,4. Send targeted upgrade campaigns,Converting 10% to higher plans adds ₹50K revenue,"₹1,50,668"
Safe,Low Value + Low Churn Risk,🔵 GROWTH — Quarterly campaigns,Stable but low-spending customers,5. Nurture towards becoming Loyal segment,Converting 10% to higher plans adds ₹50K revenue,"₹1,50,668"
